date,value,value_classification,timestamp,source,source_url
2024-01-01,65,Greed,1704067200,Alternative.me Fear and Greed Index,https://api.alternative.me/fng/
2024-01-02,71,Greed,1704153600,Alternative.me Fear and Greed Index,https://api.alternative.me/fng/
2024-01-03,70,Greed,1704240000,Alternative.me Fear and Greed Index,https://api.alternative.me/fng/
2024-01-04,68,Greed,1704326400,Alternative.me Fear and Greed Index,https://api.alternative.me/fng/
2024-01-05,72,Greed,1704412800,Alternative.me Fear and Greed Index,https://api.alternative.me/fng/
2024-01-06,70,Greed,1704499200,Alternative.me Fear and Greed Index,https://api.alternative.me/fng/
2024-01-07,71,Greed,1704585600,Alternative.me Fear and Greed Index,https://api.alternative.me/fng/
2024-01-08,71,Greed,1704672000,Alternative.me Fear and Greed Index,https://api.alternative.me/fng/
2024-01-09,76,Extreme Greed,1704758400,Alternative.me Fear and Greed Index,https://api.alternative.me/fng/
2024-01-10,73,Greed,1704844800,Alternative.me Fear and Greed Index,https://api.alternative.me/fng/
2024-01-11,76,Extreme Greed,1704931200,Alternative.me Fear and Greed Index,https://api.alternative.me/fng/
2024-01-12,71,Greed,1705017600,Alternative.me Fear and Greed Index,https://api.alternative.me/fng/
2024-01-13,64,Greed,1705104000,Alternative.me Fear and Greed Index,https://api.alternative.me/fng/
2024-01-14,60,Greed,1705190400,Alternative.me Fear and Greed Index,https://api.alternative.me/fng/
2024-01-15,52,Neutral,1705276800,Alternative.me Fear and Greed Index,https://api.alternative.me/fng/
2024-01-16,64,Greed,1705363200,Alternative.me Fear and Greed Index,https://api.alternative.me/fng/
2024-01-17,60,Greed,1705449600,Alternative.me Fear and Greed Index,https://api.alternative.me/fng/
2024-01-18,63,Greed,1705536000,Alternative.me Fear and Greed Index,https://api.alternative.me/fng/
2024-01-19,51,Neutral,1705622400,Alternative.me Fear and Greed Index,https://api.alternative.me/fng/
2024-01-20,52,Neutral,1705708800,Alternative.me Fear and Greed Index,https://api.alternative.me/fng/
2024-01-21,56,Greed,1705795200,Alternative.me Fear and Greed Index,https://api.alternative.me/fng/
2024-01-22,55,Greed,1705881600,Alternative.me Fear and Greed Index,https://api.alternative.me/fng/
2024-01-23,50,Neutral,1705968000,Alternative.me Fear and Greed Index,https://api.alternative.me/fng/
2024-01-24,48,Neutral,1706054400,Alternative.me Fear and Greed Index,https://api.alternative.me/fng/
2024-01-25,52,Neutral,1706140800,Alternative.me Fear and Greed Index,https://api.alternative.me/fng/
2024-01-26,49,Neutral,1706227200,Alternative.me Fear and Greed Index,https://api.alternative.me/fng/
2024-01-27,55,Greed,1706313600,Alternative.me Fear and Greed Index,https://api.alternative.me/fng/
2024-01-28,54,Neutral,1706400000,Alternative.me Fear and Greed Index,https://api.alternative.me/fng/
2024-01-29,55,Greed,1706486400,Alternative.me Fear and Greed Index,https://api.alternative.me/fng/
2024-01-30,61,Greed,1706572800,Alternative.me Fear and Greed Index,https://api.alternative.me/fng/
2024-01-31,60,Greed,1706659200,Alternative.me Fear and Greed Index,https://api.alternative.me/fng/
2024-02-01,63,Greed,1706745600,Alternative.me Fear and Greed Index,https://api.alternative.me/fng/
2024-02-02,63,Greed,1706832000,Alternative.me Fear and Greed Index,https://api.alternative.me/fng/
2024-02-03,60,Greed,1706918400,Alternative.me Fear and Greed Index,https://api.alternative.me/fng/
2024-02-04,60,Greed,1707004800,Alternative.me Fear and Greed Index,https://api.alternative.me/fng/
2024-02-05,60,Greed,1707091200,Alternative.me Fear and Greed Index,https://api.alternative.me/fng/
2024-02-06,64,Greed,1707177600,Alternative.me Fear and Greed Index,https://api.alternative.me/fng/
2024-02-07,62,Greed,1707264000,Alternative.me Fear and Greed Index,https://api.alternative.me/fng/
2024-02-08,66,Greed,1707350400,Alternative.me Fear and Greed Index,https://api.alternative.me/fng/
2024-02-09,72,Greed,1707436800,Alternative.me Fear and Greed Index,https://api.alternative.me/fng/
2024-02-10,74,Greed,1707523200,Alternative.me Fear and Greed Index,https://api.alternative.me/fng/
2024-02-11,71,Greed,1707609600,Alternative.me Fear and Greed Index,https://api.alternative.me/fng/
2024-02-12,70,Greed,1707696000,Alternative.me Fear and Greed Index,https://api.alternative.me/fng/
2024-02-13,79,Extreme Greed,1707782400,Alternative.me Fear and Greed Index,https://api.alternative.me/fng/
2024-02-14,74,Greed,1707868800,Alternative.me Fear and Greed Index,https://api.alternative.me/fng/
2024-02-15,72,Greed,1707955200,Alternative.me Fear and Greed Index,https://api.alternative.me/fng/
2024-02-16,72,Greed,1708041600,Alternative.me Fear and Greed Index,https://api.alternative.me/fng/
2024-02-17,76,Extreme Greed,1708128000,Alternative.me Fear and Greed Index,https://api.alternative.me/fng/
2024-02-18,72,Greed,1708214400,Alternative.me Fear and Greed Index,https://api.alternative.me/fng/
2024-02-19,75,Greed,1708300800,Alternative.me Fear and Greed Index,https://api.alternative.me/fng/
2024-02-20,72,Greed,1708387200,Alternative.me Fear and Greed Index,https://api.alternative.me/fng/
2024-02-21,78,Extreme Greed,1708473600,Alternative.me Fear and Greed Index,https://api.alternative.me/fng/
2024-02-22,74,Greed,1708560000,Alternative.me Fear and Greed Index,https://api.alternative.me/fng/
2024-02-23,76,Extreme Greed,1708646400,Alternative.me Fear and Greed Index,https://api.alternative.me/fng/
2024-02-24,72,Greed,1708732800,Alternative.me Fear and Greed Index,https://api.alternative.me/fng/
2024-02-25,74,Greed,1708819200,Alternative.me Fear and Greed Index,https://api.alternative.me/fng/
2024-02-26,72,Greed,1708905600,Alternative.me Fear and Greed Index,https://api.alternative.me/fng/
2024-02-27,79,Extreme Greed,1708992000,Alternative.me Fear and Greed Index,https://api.alternative.me/fng/
2024-02-28,82,Extreme Greed,1709078400,Alternative.me Fear and Greed Index,https://api.alternative.me/fng/
2024-02-29,80,Extreme Greed,1709164800,Alternative.me Fear and Greed Index,https://api.alternative.me/fng/
2024-03-01,80,Extreme Greed,1709251200,Alternative.me Fear and Greed Index,https://api.alternative.me/fng/
2024-03-02,80,Extreme Greed,1709337600,Alternative.me Fear and Greed Index,https://api.alternative.me/fng/
2024-03-03,83,Extreme Greed,1709424000,Alternative.me Fear and Greed Index,https://api.alternative.me/fng/
2024-03-04,82,Extreme Greed,1709510400,Alternative.me Fear and Greed Index,https://api.alternative.me/fng/
2024-03-05,90,Extreme Greed,1709596800,Alternative.me Fear and Greed Index,https://api.alternative.me/fng/
2024-03-06,75,Greed,1709683200,Alternative.me Fear and Greed Index,https://api.alternative.me/fng/
2024-03-07,82,Extreme Greed,1709769600,Alternative.me Fear and Greed Index,https://api.alternative.me/fng/
2024-03-08,81,Extreme Greed,1709856000,Alternative.me Fear and Greed Index,https://api.alternative.me/fng/
2024-03-09,84,Extreme Greed,1709942400,Alternative.me Fear and Greed Index,https://api.alternative.me/fng/
2024-03-10,79,Extreme Greed,1710028800,Alternative.me Fear and Greed Index,https://api.alternative.me/fng/
2024-03-11,82,Extreme Greed,1710115200,Alternative.me Fear and Greed Index,https://api.alternative.me/fng/
2024-03-12,81,Extreme Greed,1710201600,Alternative.me Fear and Greed Index,https://api.alternative.me/fng/
2024-03-13,81,Extreme Greed,1710288000,Alternative.me Fear and Greed Index,https://api.alternative.me/fng/
2024-03-14,88,Extreme Greed,1710374400,Alternative.me Fear and Greed Index,https://api.alternative.me/fng/
2024-03-15,83,Extreme Greed,1710460800,Alternative.me Fear and Greed Index,https://api.alternative.me/fng/
2024-03-16,81,Extreme Greed,1710547200,Alternative.me Fear and Greed Index,https://api.alternative.me/fng/
2024-03-17,79,Extreme Greed,1710633600,Alternative.me Fear and Greed Index,https://api.alternative.me/fng/
2024-03-18,77,Extreme Greed,1710720000,Alternative.me Fear and Greed Index,https://api.alternative.me/fng/
2024-03-19,79,Extreme Greed,1710806400,Alternative.me Fear and Greed Index,https://api.alternative.me/fng/
2024-03-20,74,Greed,1710892800,Alternative.me Fear and Greed Index,https://api.alternative.me/fng/
2024-03-21,78,Extreme Greed,1710979200,Alternative.me Fear and Greed Index,https://api.alternative.me/fng/
2024-03-22,75,Greed,1711065600,Alternative.me Fear and Greed Index,https://api.alternative.me/fng/
2024-03-23,73,Greed,1711152000,Alternative.me Fear and Greed Index,https://api.alternative.me/fng/
2024-03-24,74,Greed,1711238400,Alternative.me Fear and Greed Index,https://api.alternative.me/fng/
2024-03-25,75,Greed,1711324800,Alternative.me Fear and Greed Index,https://api.alternative.me/fng/
2024-03-26,81,Extreme Greed,1711411200,Alternative.me Fear and Greed Index,https://api.alternative.me/fng/
2024-03-27,83,Extreme Greed,1711497600,Alternative.me Fear and Greed Index,https://api.alternative.me/fng/
2024-03-28,80,Extreme Greed,1711584000,Alternative.me Fear and Greed Index,https://api.alternative.me/fng/
2024-03-29,79,Extreme Greed,1711670400,Alternative.me Fear and Greed Index,https://api.alternative.me/fng/
2024-03-30,75,Greed,1711756800,Alternative.me Fear and Greed Index,https://api.alternative.me/fng/
2024-03-31,75,Greed,1711843200,Alternative.me Fear and Greed Index,https://api.alternative.me/fng/
2024-04-01,79,Extreme Greed,1711929600,Alternative.me Fear and Greed Index,https://api.alternative.me/fng/
2024-04-02,79,Extreme Greed,1712016000,Alternative.me Fear and Greed Index,https://api.alternative.me/fng/
2024-04-03,71,Greed,1712102400,Alternative.me Fear and Greed Index,https://api.alternative.me/fng/
2024-04-04,70,Greed,1712188800,Alternative.me Fear and Greed Index,https://api.alternative.me/fng/
2024-04-05,79,Extreme Greed,1712275200,Alternative.me Fear and Greed Index,https://api.alternative.me/fng/
2024-04-06,75,Greed,1712361600,Alternative.me Fear and Greed Index,https://api.alternative.me/fng/
2024-04-07,78,Extreme Greed,1712448000,Alternative.me Fear and Greed Index,https://api.alternative.me/fng/
2024-04-08,76,Extreme Greed,1712534400,Alternative.me Fear and Greed Index,https://api.alternative.me/fng/
2024-04-09,80,Extreme Greed,1712620800,Alternative.me Fear and Greed Index,https://api.alternative.me/fng/
2024-04-10,78,Extreme Greed,1712707200,Alternative.me Fear and Greed Index,https://api.alternative.me/fng/
2024-04-11,76,Extreme Greed,1712793600,Alternative.me Fear and Greed Index,https://api.alternative.me/fng/
2024-04-12,79,Extreme Greed,1712880000,Alternative.me Fear and Greed Index,https://api.alternative.me/fng/
2024-04-13,72,Greed,1712966400,Alternative.me Fear and Greed Index,https://api.alternative.me/fng/
2024-04-14,72,Greed,1713052800,Alternative.me Fear and Greed Index,https://api.alternative.me/fng/
2024-04-15,74,Greed,1713139200,Alternative.me Fear and Greed Index,https://api.alternative.me/fng/
2024-04-16,65,Greed,1713225600,Alternative.me Fear and Greed Index,https://api.alternative.me/fng/
2024-04-17,67,Greed,1713312000,Alternative.me Fear and Greed Index,https://api.alternative.me/fng/
2024-04-18,57,Greed,1713398400,Alternative.me Fear and Greed Index,https://api.alternative.me/fng/
2024-04-19,66,Greed,1713484800,Alternative.me Fear and Greed Index,https://api.alternative.me/fng/
2024-04-20,66,Greed,1713571200,Alternative.me Fear and Greed Index,https://api.alternative.me/fng/
2024-04-21,72,Greed,1713657600,Alternative.me Fear and Greed Index,https://api.alternative.me/fng/
2024-04-22,73,Greed,1713744000,Alternative.me Fear and Greed Index,https://api.alternative.me/fng/
2024-04-23,71,Greed,1713830400,Alternative.me Fear and Greed Index,https://api.alternative.me/fng/
2024-04-24,72,Greed,1713916800,Alternative.me Fear and Greed Index,https://api.alternative.me/fng/
2024-04-25,72,Greed,1714003200,Alternative.me Fear and Greed Index,https://api.alternative.me/fng/
2024-04-26,70,Greed,1714089600,Alternative.me Fear and Greed Index,https://api.alternative.me/fng/
2024-04-27,67,Greed,1714176000,Alternative.me Fear and Greed Index,https://api.alternative.me/fng/
2024-04-28,65,Greed,1714262400,Alternative.me Fear and Greed Index,https://api.alternative.me/fng/
2024-04-29,67,Greed,1714348800,Alternative.me Fear and Greed Index,https://api.alternative.me/fng/
2024-04-30,67,Greed,1714435200,Alternative.me Fear and Greed Index,https://api.alternative.me/fng/
2024-05-01,54,Neutral,1714521600,Alternative.me Fear and Greed Index,https://api.alternative.me/fng/
2024-05-02,43,Fear,1714608000,Alternative.me Fear and Greed Index,https://api.alternative.me/fng/
2024-05-03,48,Neutral,1714694400,Alternative.me Fear and Greed Index,https://api.alternative.me/fng/
2024-05-04,67,Greed,1714780800,Alternative.me Fear and Greed Index,https://api.alternative.me/fng/
2024-05-05,69,Greed,1714867200,Alternative.me Fear and Greed Index,https://api.alternative.me/fng/
2024-05-06,71,Greed,1714953600,Alternative.me Fear and Greed Index,https://api.alternative.me/fng/
2024-05-07,68,Greed,1715040000,Alternative.me Fear and Greed Index,https://api.alternative.me/fng/
2024-05-08,64,Greed,1715126400,Alternative.me Fear and Greed Index,https://api.alternative.me/fng/
2024-05-09,55,Greed,1715212800,Alternative.me Fear and Greed Index,https://api.alternative.me/fng/
2024-05-10,66,Greed,1715299200,Alternative.me Fear and Greed Index,https://api.alternative.me/fng/
2024-05-11,53,Neutral,1715385600,Alternative.me Fear and Greed Index,https://api.alternative.me/fng/
2024-05-12,56,Greed,1715472000,Alternative.me Fear and Greed Index,https://api.alternative.me/fng/
2024-05-13,57,Greed,1715558400,Alternative.me Fear and Greed Index,https://api.alternative.me/fng/
2024-05-14,66,Greed,1715644800,Alternative.me Fear and Greed Index,https://api.alternative.me/fng/
2024-05-15,64,Greed,1715731200,Alternative.me Fear and Greed Index,https://api.alternative.me/fng/
2024-05-16,70,Greed,1715817600,Alternative.me Fear and Greed Index,https://api.alternative.me/fng/
2024-05-17,74,Greed,1715904000,Alternative.me Fear and Greed Index,https://api.alternative.me/fng/
2024-05-18,73,Greed,1715990400,Alternative.me Fear and Greed Index,https://api.alternative.me/fng/
2024-05-19,72,Greed,1716076800,Alternative.me Fear and Greed Index,https://api.alternative.me/fng/
2024-05-20,70,Greed,1716163200,Alternative.me Fear and Greed Index,https://api.alternative.me/fng/
2024-05-21,76,Extreme Greed,1716249600,Alternative.me Fear and Greed Index,https://api.alternative.me/fng/
2024-05-22,76,Extreme Greed,1716336000,Alternative.me Fear and Greed Index,https://api.alternative.me/fng/
2024-05-23,76,Extreme Greed,1716422400,Alternative.me Fear and Greed Index,https://api.alternative.me/fng/
2024-05-24,74,Greed,1716508800,Alternative.me Fear and Greed Index,https://api.alternative.me/fng/
2024-05-25,76,Extreme Greed,1716595200,Alternative.me Fear and Greed Index,https://api.alternative.me/fng/
2024-05-26,75,Greed,1716681600,Alternative.me Fear and Greed Index,https://api.alternative.me/fng/
2024-05-27,74,Greed,1716768000,Alternative.me Fear and Greed Index,https://api.alternative.me/fng/
2024-05-28,72,Greed,1716854400,Alternative.me Fear and Greed Index,https://api.alternative.me/fng/
2024-05-29,72,Greed,1716940800,Alternative.me Fear and Greed Index,https://api.alternative.me/fng/
2024-05-30,73,Greed,1717027200,Alternative.me Fear and Greed Index,https://api.alternative.me/fng/
2024-05-31,73,Greed,1717113600,Alternative.me Fear and Greed Index,https://api.alternative.me/fng/
2024-06-01,72,Greed,1717200000,Alternative.me Fear and Greed Index,https://api.alternative.me/fng/
2024-06-02,73,Greed,1717286400,Alternative.me Fear and Greed Index,https://api.alternative.me/fng/
2024-06-03,73,Greed,1717372800,Alternative.me Fear and Greed Index,https://api.alternative.me/fng/
2024-06-04,73,Greed,1717459200,Alternative.me Fear and Greed Index,https://api.alternative.me/fng/
2024-06-05,75,Greed,1717545600,Alternative.me Fear and Greed Index,https://api.alternative.me/fng/
2024-06-06,78,Extreme Greed,1717632000,Alternative.me Fear and Greed Index,https://api.alternative.me/fng/
2024-06-07,77,Extreme Greed,1717718400,Alternative.me Fear and Greed Index,https://api.alternative.me/fng/
2024-06-08,72,Greed,1717804800,Alternative.me Fear and Greed Index,https://api.alternative.me/fng/
2024-06-09,75,Greed,1717891200,Alternative.me Fear and Greed Index,https://api.alternative.me/fng/
2024-06-10,72,Greed,1717977600,Alternative.me Fear and Greed Index,https://api.alternative.me/fng/
2024-06-11,74,Greed,1718064000,Alternative.me Fear and Greed Index,https://api.alternative.me/fng/
2024-06-12,72,Greed,1718150400,Alternative.me Fear and Greed Index,https://api.alternative.me/fng/
2024-06-13,70,Greed,1718236800,Alternative.me Fear and Greed Index,https://api.alternative.me/fng/
2024-06-14,74,Greed,1718323200,Alternative.me Fear and Greed Index,https://api.alternative.me/fng/
2024-06-15,74,Greed,1718409600,Alternative.me Fear and Greed Index,https://api.alternative.me/fng/
2024-06-16,71,Greed,1718496000,Alternative.me Fear and Greed Index,https://api.alternative.me/fng/
2024-06-17,71,Greed,1718582400,Alternative.me Fear and Greed Index,https://api.alternative.me/fng/
2024-06-18,74,Greed,1718668800,Alternative.me Fear and Greed Index,https://api.alternative.me/fng/
2024-06-19,64,Greed,1718755200,Alternative.me Fear and Greed Index,https://api.alternative.me/fng/
2024-06-20,60,Greed,1718841600,Alternative.me Fear and Greed Index,https://api.alternative.me/fng/
2024-06-21,63,Greed,1718928000,Alternative.me Fear and Greed Index,https://api.alternative.me/fng/
2024-06-22,53,Neutral,1719014400,Alternative.me Fear and Greed Index,https://api.alternative.me/fng/
2024-06-23,55,Greed,1719100800,Alternative.me Fear and Greed Index,https://api.alternative.me/fng/
2024-06-24,51,Neutral,1719187200,Alternative.me Fear and Greed Index,https://api.alternative.me/fng/
2024-06-25,30,Fear,1719273600,Alternative.me Fear and Greed Index,https://api.alternative.me/fng/
2024-06-26,46,Fear,1719360000,Alternative.me Fear and Greed Index,https://api.alternative.me/fng/
2024-06-27,40,Fear,1719446400,Alternative.me Fear and Greed Index,https://api.alternative.me/fng/
2024-06-28,47,Neutral,1719532800,Alternative.me Fear and Greed Index,https://api.alternative.me/fng/
2024-06-29,30,Fear,1719619200,Alternative.me Fear and Greed Index,https://api.alternative.me/fng/
2024-06-30,47,Neutral,1719705600,Alternative.me Fear and Greed Index,https://api.alternative.me/fng/
2024-07-01,53,Neutral,1719792000,Alternative.me Fear and Greed Index,https://api.alternative.me/fng/
2024-07-02,51,Neutral,1719878400,Alternative.me Fear and Greed Index,https://api.alternative.me/fng/
2024-07-03,50,Neutral,1719964800,Alternative.me Fear and Greed Index,https://api.alternative.me/fng/
2024-07-04,44,Fear,1720051200,Alternative.me Fear and Greed Index,https://api.alternative.me/fng/
2024-07-05,29,Fear,1720137600,Alternative.me Fear and Greed Index,https://api.alternative.me/fng/
2024-07-06,26,Fear,1720224000,Alternative.me Fear and Greed Index,https://api.alternative.me/fng/
2024-07-07,29,Fear,1720310400,Alternative.me Fear and Greed Index,https://api.alternative.me/fng/
2024-07-08,28,Fear,1720396800,Alternative.me Fear and Greed Index,https://api.alternative.me/fng/
2024-07-09,27,Fear,1720483200,Alternative.me Fear and Greed Index,https://api.alternative.me/fng/
2024-07-10,28,Fear,1720569600,Alternative.me Fear and Greed Index,https://api.alternative.me/fng/
2024-07-11,29,Fear,1720656000,Alternative.me Fear and Greed Index,https://api.alternative.me/fng/
2024-07-12,25,Extreme Fear,1720742400,Alternative.me Fear and Greed Index,https://api.alternative.me/fng/
2024-07-13,25,Extreme Fear,1720828800,Alternative.me Fear and Greed Index,https://api.alternative.me/fng/
2024-07-14,33,Fear,1720915200,Alternative.me Fear and Greed Index,https://api.alternative.me/fng/
2024-07-15,52,Neutral,1721001600,Alternative.me Fear and Greed Index,https://api.alternative.me/fng/
2024-07-16,65,Greed,1721088000,Alternative.me Fear and Greed Index,https://api.alternative.me/fng/
2024-07-17,69,Greed,1721174400,Alternative.me Fear and Greed Index,https://api.alternative.me/fng/
2024-07-18,61,Greed,1721260800,Alternative.me Fear and Greed Index,https://api.alternative.me/fng/
2024-07-19,60,Greed,1721347200,Alternative.me Fear and Greed Index,https://api.alternative.me/fng/
2024-07-20,74,Greed,1721433600,Alternative.me Fear and Greed Index,https://api.alternative.me/fng/
2024-07-21,74,Greed,1721520000,Alternative.me Fear and Greed Index,https://api.alternative.me/fng/
2024-07-22,70,Greed,1721606400,Alternative.me Fear and Greed Index,https://api.alternative.me/fng/
2024-07-23,71,Greed,1721692800,Alternative.me Fear and Greed Index,https://api.alternative.me/fng/
2024-07-24,69,Greed,1721779200,Alternative.me Fear and Greed Index,https://api.alternative.me/fng/
2024-07-25,68,Greed,1721865600,Alternative.me Fear and Greed Index,https://api.alternative.me/fng/
2024-07-26,68,Greed,1721952000,Alternative.me Fear and Greed Index,https://api.alternative.me/fng/
2024-07-27,72,Greed,1722038400,Alternative.me Fear and Greed Index,https://api.alternative.me/fng/
2024-07-28,71,Greed,1722124800,Alternative.me Fear and Greed Index,https://api.alternative.me/fng/
2024-07-29,74,Greed,1722211200,Alternative.me Fear and Greed Index,https://api.alternative.me/fng/
2024-07-30,67,Greed,1722297600,Alternative.me Fear and Greed Index,https://api.alternative.me/fng/
2024-07-31,61,Greed,1722384000,Alternative.me Fear and Greed Index,https://api.alternative.me/fng/
2024-08-01,52,Neutral,1722470400,Alternative.me Fear and Greed Index,https://api.alternative.me/fng/
2024-08-02,57,Greed,1722556800,Alternative.me Fear and Greed Index,https://api.alternative.me/fng/
2024-08-03,37,Fear,1722643200,Alternative.me Fear and Greed Index,https://api.alternative.me/fng/
2024-08-04,34,Fear,1722729600,Alternative.me Fear and Greed Index,https://api.alternative.me/fng/
2024-08-05,26,Fear,1722816000,Alternative.me Fear and Greed Index,https://api.alternative.me/fng/
2024-08-06,17,Extreme Fear,1722902400,Alternative.me Fear and Greed Index,https://api.alternative.me/fng/
2024-08-07,29,Fear,1722988800,Alternative.me Fear and Greed Index,https://api.alternative.me/fng/
2024-08-08,20,Extreme Fear,1723075200,Alternative.me Fear and Greed Index,https://api.alternative.me/fng/
2024-08-09,48,Neutral,1723161600,Alternative.me Fear and Greed Index,https://api.alternative.me/fng/
2024-08-10,40,Fear,1723248000,Alternative.me Fear and Greed Index,https://api.alternative.me/fng/
2024-08-11,39,Fear,1723334400,Alternative.me Fear and Greed Index,https://api.alternative.me/fng/
2024-08-12,25,Extreme Fear,1723420800,Alternative.me Fear and Greed Index,https://api.alternative.me/fng/
2024-08-13,31,Fear,1723507200,Alternative.me Fear and Greed Index,https://api.alternative.me/fng/
2024-08-14,30,Fear,1723593600,Alternative.me Fear and Greed Index,https://api.alternative.me/fng/
2024-08-15,29,Fear,1723680000,Alternative.me Fear and Greed Index,https://api.alternative.me/fng/
2024-08-16,27,Fear,1723766400,Alternative.me Fear and Greed Index,https://api.alternative.me/fng/
2024-08-17,25,Extreme Fear,1723852800,Alternative.me Fear and Greed Index,https://api.alternative.me/fng/
2024-08-18,31,Fear,1723939200,Alternative.me Fear and Greed Index,https://api.alternative.me/fng/
2024-08-19,28,Fear,1724025600,Alternative.me Fear and Greed Index,https://api.alternative.me/fng/
2024-08-20,30,Fear,1724112000,Alternative.me Fear and Greed Index,https://api.alternative.me/fng/
2024-08-21,26,Fear,1724198400,Alternative.me Fear and Greed Index,https://api.alternative.me/fng/
2024-08-22,39,Fear,1724284800,Alternative.me Fear and Greed Index,https://api.alternative.me/fng/
2024-08-23,34,Fear,1724371200,Alternative.me Fear and Greed Index,https://api.alternative.me/fng/
2024-08-24,56,Greed,1724457600,Alternative.me Fear and Greed Index,https://api.alternative.me/fng/
2024-08-25,54,Neutral,1724544000,Alternative.me Fear and Greed Index,https://api.alternative.me/fng/
2024-08-26,55,Greed,1724630400,Alternative.me Fear and Greed Index,https://api.alternative.me/fng/
2024-08-27,48,Neutral,1724716800,Alternative.me Fear and Greed Index,https://api.alternative.me/fng/
2024-08-28,30,Fear,1724803200,Alternative.me Fear and Greed Index,https://api.alternative.me/fng/
2024-08-29,29,Fear,1724889600,Alternative.me Fear and Greed Index,https://api.alternative.me/fng/
2024-08-30,34,Fear,1724976000,Alternative.me Fear and Greed Index,https://api.alternative.me/fng/
2024-08-31,29,Fear,1725062400,Alternative.me Fear and Greed Index,https://api.alternative.me/fng/
2024-09-01,26,Fear,1725148800,Alternative.me Fear and Greed Index,https://api.alternative.me/fng/
2024-09-02,26,Fear,1725235200,Alternative.me Fear and Greed Index,https://api.alternative.me/fng/
2024-09-03,26,Fear,1725321600,Alternative.me Fear and Greed Index,https://api.alternative.me/fng/
2024-09-04,27,Fear,1725408000,Alternative.me Fear and Greed Index,https://api.alternative.me/fng/
2024-09-05,29,Fear,1725494400,Alternative.me Fear and Greed Index,https://api.alternative.me/fng/
2024-09-06,22,Extreme Fear,1725580800,Alternative.me Fear and Greed Index,https://api.alternative.me/fng/
2024-09-07,23,Extreme Fear,1725667200,Alternative.me Fear and Greed Index,https://api.alternative.me/fng/
2024-09-08,29,Fear,1725753600,Alternative.me Fear and Greed Index,https://api.alternative.me/fng/
2024-09-09,26,Fear,1725840000,Alternative.me Fear and Greed Index,https://api.alternative.me/fng/
2024-09-10,33,Fear,1725926400,Alternative.me Fear and Greed Index,https://api.alternative.me/fng/
2024-09-11,37,Fear,1726012800,Alternative.me Fear and Greed Index,https://api.alternative.me/fng/
2024-09-12,31,Fear,1726099200,Alternative.me Fear and Greed Index,https://api.alternative.me/fng/
2024-09-13,32,Fear,1726185600,Alternative.me Fear and Greed Index,https://api.alternative.me/fng/
2024-09-14,50,Neutral,1726272000,Alternative.me Fear and Greed Index,https://api.alternative.me/fng/
2024-09-15,51,Neutral,1726358400,Alternative.me Fear and Greed Index,https://api.alternative.me/fng/
2024-09-16,39,Fear,1726444800,Alternative.me Fear and Greed Index,https://api.alternative.me/fng/
2024-09-17,33,Fear,1726531200,Alternative.me Fear and Greed Index,https://api.alternative.me/fng/
2024-09-18,45,Fear,1726617600,Alternative.me Fear and Greed Index,https://api.alternative.me/fng/
2024-09-19,49,Neutral,1726704000,Alternative.me Fear and Greed Index,https://api.alternative.me/fng/
2024-09-20,54,Neutral,1726790400,Alternative.me Fear and Greed Index,https://api.alternative.me/fng/
2024-09-21,54,Neutral,1726876800,Alternative.me Fear and Greed Index,https://api.alternative.me/fng/
2024-09-22,52,Neutral,1726963200,Alternative.me Fear and Greed Index,https://api.alternative.me/fng/
2024-09-23,50,Neutral,1727049600,Alternative.me Fear and Greed Index,https://api.alternative.me/fng/
2024-09-24,54,Neutral,1727136000,Alternative.me Fear and Greed Index,https://api.alternative.me/fng/
2024-09-25,59,Greed,1727222400,Alternative.me Fear and Greed Index,https://api.alternative.me/fng/
2024-09-26,50,Neutral,1727308800,Alternative.me Fear and Greed Index,https://api.alternative.me/fng/
2024-09-27,61,Greed,1727395200,Alternative.me Fear and Greed Index,https://api.alternative.me/fng/
2024-09-28,64,Greed,1727481600,Alternative.me Fear and Greed Index,https://api.alternative.me/fng/
2024-09-29,63,Greed,1727568000,Alternative.me Fear and Greed Index,https://api.alternative.me/fng/
2024-09-30,61,Greed,1727654400,Alternative.me Fear and Greed Index,https://api.alternative.me/fng/
2024-10-01,50,Neutral,1727740800,Alternative.me Fear and Greed Index,https://api.alternative.me/fng/
2024-10-02,42,Fear,1727827200,Alternative.me Fear and Greed Index,https://api.alternative.me/fng/
2024-10-03,37,Fear,1727913600,Alternative.me Fear and Greed Index,https://api.alternative.me/fng/
2024-10-04,41,Fear,1728000000,Alternative.me Fear and Greed Index,https://api.alternative.me/fng/
2024-10-05,49,Neutral,1728086400,Alternative.me Fear and Greed Index,https://api.alternative.me/fng/
2024-10-06,50,Neutral,1728172800,Alternative.me Fear and Greed Index,https://api.alternative.me/fng/
2024-10-07,50,Neutral,1728259200,Alternative.me Fear and Greed Index,https://api.alternative.me/fng/
2024-10-08,49,Neutral,1728345600,Alternative.me Fear and Greed Index,https://api.alternative.me/fng/
2024-10-09,49,Neutral,1728432000,Alternative.me Fear and Greed Index,https://api.alternative.me/fng/
2024-10-10,39,Fear,1728518400,Alternative.me Fear and Greed Index,https://api.alternative.me/fng/
2024-10-11,32,Fear,1728604800,Alternative.me Fear and Greed Index,https://api.alternative.me/fng/
2024-10-12,49,Neutral,1728691200,Alternative.me Fear and Greed Index,https://api.alternative.me/fng/
2024-10-13,50,Neutral,1728777600,Alternative.me Fear and Greed Index,https://api.alternative.me/fng/
2024-10-14,48,Neutral,1728864000,Alternative.me Fear and Greed Index,https://api.alternative.me/fng/
2024-10-15,65,Greed,1728950400,Alternative.me Fear and Greed Index,https://api.alternative.me/fng/
2024-10-16,73,Greed,1729036800,Alternative.me Fear and Greed Index,https://api.alternative.me/fng/
2024-10-17,71,Greed,1729123200,Alternative.me Fear and Greed Index,https://api.alternative.me/fng/
2024-10-18,73,Greed,1729209600,Alternative.me Fear and Greed Index,https://api.alternative.me/fng/
2024-10-19,72,Greed,1729296000,Alternative.me Fear and Greed Index,https://api.alternative.me/fng/
2024-10-20,73,Greed,1729382400,Alternative.me Fear and Greed Index,https://api.alternative.me/fng/
2024-10-21,72,Greed,1729468800,Alternative.me Fear and Greed Index,https://api.alternative.me/fng/
2024-10-22,70,Greed,1729555200,Alternative.me Fear and Greed Index,https://api.alternative.me/fng/
2024-10-23,71,Greed,1729641600,Alternative.me Fear and Greed Index,https://api.alternative.me/fng/
2024-10-24,69,Greed,1729728000,Alternative.me Fear and Greed Index,https://api.alternative.me/fng/
2024-10-25,72,Greed,1729814400,Alternative.me Fear and Greed Index,https://api.alternative.me/fng/
2024-10-27,74,Greed,1729987200,Alternative.me Fear and Greed Index,https://api.alternative.me/fng/
2024-10-28,72,Greed,1730073600,Alternative.me Fear and Greed Index,https://api.alternative.me/fng/
2024-10-29,72,Greed,1730160000,Alternative.me Fear and Greed Index,https://api.alternative.me/fng/
2024-10-30,77,Extreme Greed,1730246400,Alternative.me Fear and Greed Index,https://api.alternative.me/fng/
2024-10-31,77,Extreme Greed,1730332800,Alternative.me Fear and Greed Index,https://api.alternative.me/fng/
2024-11-01,75,Greed,1730419200,Alternative.me Fear and Greed Index,https://api.alternative.me/fng/
2024-11-02,72,Greed,1730505600,Alternative.me Fear and Greed Index,https://api.alternative.me/fng/
2024-11-03,74,Greed,1730592000,Alternative.me Fear and Greed Index,https://api.alternative.me/fng/
2024-11-04,70,Greed,1730678400,Alternative.me Fear and Greed Index,https://api.alternative.me/fng/
2024-11-05,70,Greed,1730764800,Alternative.me Fear and Greed Index,https://api.alternative.me/fng/
2024-11-06,70,Greed,1730851200,Alternative.me Fear and Greed Index,https://api.alternative.me/fng/
2024-11-07,77,Extreme Greed,1730937600,Alternative.me Fear and Greed Index,https://api.alternative.me/fng/
2024-11-08,75,Greed,1731024000,Alternative.me Fear and Greed Index,https://api.alternative.me/fng/
2024-11-09,75,Greed,1731110400,Alternative.me Fear and Greed Index,https://api.alternative.me/fng/
2024-11-10,78,Extreme Greed,1731196800,Alternative.me Fear and Greed Index,https://api.alternative.me/fng/
2024-11-11,76,Extreme Greed,1731283200,Alternative.me Fear and Greed Index,https://api.alternative.me/fng/
2024-11-12,80,Extreme Greed,1731369600,Alternative.me Fear and Greed Index,https://api.alternative.me/fng/
2024-11-13,84,Extreme Greed,1731456000,Alternative.me Fear and Greed Index,https://api.alternative.me/fng/
2024-11-14,88,Extreme Greed,1731542400,Alternative.me Fear and Greed Index,https://api.alternative.me/fng/
2024-11-15,80,Extreme Greed,1731628800,Alternative.me Fear and Greed Index,https://api.alternative.me/fng/
2024-11-16,86,Extreme Greed,1731715200,Alternative.me Fear and Greed Index,https://api.alternative.me/fng/
2024-11-17,90,Extreme Greed,1731801600,Alternative.me Fear and Greed Index,https://api.alternative.me/fng/
2024-11-18,83,Extreme Greed,1731888000,Alternative.me Fear and Greed Index,https://api.alternative.me/fng/
2024-11-19,90,Extreme Greed,1731974400,Alternative.me Fear and Greed Index,https://api.alternative.me/fng/
2024-11-20,83,Extreme Greed,1732060800,Alternative.me Fear and Greed Index,https://api.alternative.me/fng/
2024-11-21,82,Extreme Greed,1732147200,Alternative.me Fear and Greed Index,https://api.alternative.me/fng/
2024-11-22,94,Extreme Greed,1732233600,Alternative.me Fear and Greed Index,https://api.alternative.me/fng/
2024-11-23,93,Extreme Greed,1732320000,Alternative.me Fear and Greed Index,https://api.alternative.me/fng/
2024-11-24,80,Extreme Greed,1732406400,Alternative.me Fear and Greed Index,https://api.alternative.me/fng/
2024-11-25,82,Extreme Greed,1732492800,Alternative.me Fear and Greed Index,https://api.alternative.me/fng/
2024-11-26,79,Extreme Greed,1732579200,Alternative.me Fear and Greed Index,https://api.alternative.me/fng/
2024-11-27,75,Greed,1732665600,Alternative.me Fear and Greed Index,https://api.alternative.me/fng/
2024-11-28,77,Extreme Greed,1732752000,Alternative.me Fear and Greed Index,https://api.alternative.me/fng/
2024-11-29,78,Extreme Greed,1732838400,Alternative.me Fear and Greed Index,https://api.alternative.me/fng/
2024-11-30,84,Extreme Greed,1732924800,Alternative.me Fear and Greed Index,https://api.alternative.me/fng/
2024-12-01,81,Extreme Greed,1733011200,Alternative.me Fear and Greed Index,https://api.alternative.me/fng/
2024-12-02,80,Extreme Greed,1733097600,Alternative.me Fear and Greed Index,https://api.alternative.me/fng/
2024-12-03,76,Extreme Greed,1733184000,Alternative.me Fear and Greed Index,https://api.alternative.me/fng/
2024-12-04,78,Extreme Greed,1733270400,Alternative.me Fear and Greed Index,https://api.alternative.me/fng/
2024-12-05,84,Extreme Greed,1733356800,Alternative.me Fear and Greed Index,https://api.alternative.me/fng/
2024-12-06,72,Greed,1733443200,Alternative.me Fear and Greed Index,https://api.alternative.me/fng/
2024-12-07,75,Greed,1733529600,Alternative.me Fear and Greed Index,https://api.alternative.me/fng/
2024-12-08,79,Extreme Greed,1733616000,Alternative.me Fear and Greed Index,https://api.alternative.me/fng/
2024-12-09,78,Extreme Greed,1733702400,Alternative.me Fear and Greed Index,https://api.alternative.me/fng/
2024-12-10,78,Extreme Greed,1733788800,Alternative.me Fear and Greed Index,https://api.alternative.me/fng/
2024-12-11,74,Greed,1733875200,Alternative.me Fear and Greed Index,https://api.alternative.me/fng/
2024-12-12,83,Extreme Greed,1733961600,Alternative.me Fear and Greed Index,https://api.alternative.me/fng/
2024-12-13,76,Extreme Greed,1734048000,Alternative.me Fear and Greed Index,https://api.alternative.me/fng/
2024-12-14,83,Extreme Greed,1734134400,Alternative.me Fear and Greed Index,https://api.alternative.me/fng/
2024-12-15,80,Extreme Greed,1734220800,Alternative.me Fear and Greed Index,https://api.alternative.me/fng/
2024-12-16,83,Extreme Greed,1734307200,Alternative.me Fear and Greed Index,https://api.alternative.me/fng/
2024-12-17,87,Extreme Greed,1734393600,Alternative.me Fear and Greed Index,https://api.alternative.me/fng/
2024-12-18,81,Extreme Greed,1734480000,Alternative.me Fear and Greed Index,https://api.alternative.me/fng/
2024-12-19,75,Greed,1734566400,Alternative.me Fear and Greed Index,https://api.alternative.me/fng/
2024-12-20,74,Greed,1734652800,Alternative.me Fear and Greed Index,https://api.alternative.me/fng/
2024-12-21,73,Greed,1734739200,Alternative.me Fear and Greed Index,https://api.alternative.me/fng/
2024-12-22,73,Greed,1734825600,Alternative.me Fear and Greed Index,https://api.alternative.me/fng/
2024-12-23,70,Greed,1734912000,Alternative.me Fear and Greed Index,https://api.alternative.me/fng/
2024-12-24,73,Greed,1734998400,Alternative.me Fear and Greed Index,https://api.alternative.me/fng/
2024-12-25,73,Greed,1735084800,Alternative.me Fear and Greed Index,https://api.alternative.me/fng/
2024-12-26,79,Extreme Greed,1735171200,Alternative.me Fear and Greed Index,https://api.alternative.me/fng/
2024-12-27,74,Greed,1735257600,Alternative.me Fear and Greed Index,https://api.alternative.me/fng/
2024-12-28,72,Greed,1735344000,Alternative.me Fear and Greed Index,https://api.alternative.me/fng/
2024-12-29,73,Greed,1735430400,Alternative.me Fear and Greed Index,https://api.alternative.me/fng/
2024-12-30,65,Greed,1735516800,Alternative.me Fear and Greed Index,https://api.alternative.me/fng/
2024-12-31,64,Greed,1735603200,Alternative.me Fear and Greed Index,https://api.alternative.me/fng/
2025-01-01,66,Greed,1735689600,Alternative.me Fear and Greed Index,https://api.alternative.me/fng/
2025-01-02,70,Greed,1735776000,Alternative.me Fear and Greed Index,https://api.alternative.me/fng/
2025-01-03,74,Greed,1735862400,Alternative.me Fear and Greed Index,https://api.alternative.me/fng/
2025-01-04,73,Greed,1735948800,Alternative.me Fear and Greed Index,https://api.alternative.me/fng/
2025-01-05,72,Greed,1736035200,Alternative.me Fear and Greed Index,https://api.alternative.me/fng/
2025-01-06,76,Extreme Greed,1736121600,Alternative.me Fear and Greed Index,https://api.alternative.me/fng/
2025-01-07,78,Extreme Greed,1736208000,Alternative.me Fear and Greed Index,https://api.alternative.me/fng/
2025-01-08,70,Greed,1736294400,Alternative.me Fear and Greed Index,https://api.alternative.me/fng/
2025-01-09,69,Greed,1736380800,Alternative.me Fear and Greed Index,https://api.alternative.me/fng/
2025-01-10,50,Neutral,1736467200,Alternative.me Fear and Greed Index,https://api.alternative.me/fng/
2025-01-11,69,Greed,1736553600,Alternative.me Fear and Greed Index,https://api.alternative.me/fng/
2025-01-12,62,Greed,1736640000,Alternative.me Fear and Greed Index,https://api.alternative.me/fng/
2025-01-13,61,Greed,1736726400,Alternative.me Fear and Greed Index,https://api.alternative.me/fng/
2025-01-14,63,Greed,1736812800,Alternative.me Fear and Greed Index,https://api.alternative.me/fng/
2025-01-15,70,Greed,1736899200,Alternative.me Fear and Greed Index,https://api.alternative.me/fng/
2025-01-16,75,Greed,1736985600,Alternative.me Fear and Greed Index,https://api.alternative.me/fng/
2025-01-17,75,Greed,1737072000,Alternative.me Fear and Greed Index,https://api.alternative.me/fng/
2025-01-18,77,Extreme Greed,1737158400,Alternative.me Fear and Greed Index,https://api.alternative.me/fng/
2025-01-19,77,Extreme Greed,1737244800,Alternative.me Fear and Greed Index,https://api.alternative.me/fng/
2025-01-20,76,Extreme Greed,1737331200,Alternative.me Fear and Greed Index,https://api.alternative.me/fng/
2025-01-21,76,Extreme Greed,1737417600,Alternative.me Fear and Greed Index,https://api.alternative.me/fng/
2025-01-22,84,Extreme Greed,1737504000,Alternative.me Fear and Greed Index,https://api.alternative.me/fng/
2025-01-23,75,Greed,1737590400,Alternative.me Fear and Greed Index,https://api.alternative.me/fng/
2025-01-24,75,Greed,1737676800,Alternative.me Fear and Greed Index,https://api.alternative.me/fng/
2025-01-25,75,Greed,1737763200,Alternative.me Fear and Greed Index,https://api.alternative.me/fng/
2025-01-26,73,Greed,1737849600,Alternative.me Fear and Greed Index,https://api.alternative.me/fng/
2025-01-27,71,Greed,1737936000,Alternative.me Fear and Greed Index,https://api.alternative.me/fng/
2025-01-28,72,Greed,1738022400,Alternative.me Fear and Greed Index,https://api.alternative.me/fng/
2025-01-29,72,Greed,1738108800,Alternative.me Fear and Greed Index,https://api.alternative.me/fng/
2025-01-30,70,Greed,1738195200,Alternative.me Fear and Greed Index,https://api.alternative.me/fng/
2025-01-31,76,Extreme Greed,1738281600,Alternative.me Fear and Greed Index,https://api.alternative.me/fng/
2025-02-01,68,Greed,1738368000,Alternative.me Fear and Greed Index,https://api.alternative.me/fng/
2025-02-02,60,Greed,1738454400,Alternative.me Fear and Greed Index,https://api.alternative.me/fng/
2025-02-03,44,Fear,1738540800,Alternative.me Fear and Greed Index,https://api.alternative.me/fng/
2025-02-04,72,Greed,1738627200,Alternative.me Fear and Greed Index,https://api.alternative.me/fng/
2025-02-05,54,Neutral,1738713600,Alternative.me Fear and Greed Index,https://api.alternative.me/fng/
2025-02-06,49,Neutral,1738800000,Alternative.me Fear and Greed Index,https://api.alternative.me/fng/
2025-02-07,44,Fear,1738886400,Alternative.me Fear and Greed Index,https://api.alternative.me/fng/
2025-02-08,44,Fear,1738972800,Alternative.me Fear and Greed Index,https://api.alternative.me/fng/
2025-02-09,46,Fear,1739059200,Alternative.me Fear and Greed Index,https://api.alternative.me/fng/
2025-02-10,43,Fear,1739145600,Alternative.me Fear and Greed Index,https://api.alternative.me/fng/
2025-02-11,47,Neutral,1739232000,Alternative.me Fear and Greed Index,https://api.alternative.me/fng/
2025-02-12,46,Fear,1739318400,Alternative.me Fear and Greed Index,https://api.alternative.me/fng/
2025-02-13,50,Neutral,1739404800,Alternative.me Fear and Greed Index,https://api.alternative.me/fng/
2025-02-14,48,Neutral,1739491200,Alternative.me Fear and Greed Index,https://api.alternative.me/fng/
2025-02-15,50,Neutral,1739577600,Alternative.me Fear and Greed Index,https://api.alternative.me/fng/
2025-02-16,54,Neutral,1739664000,Alternative.me Fear and Greed Index,https://api.alternative.me/fng/
2025-02-17,51,Neutral,1739750400,Alternative.me Fear and Greed Index,https://api.alternative.me/fng/
2025-02-18,47,Neutral,1739836800,Alternative.me Fear and Greed Index,https://api.alternative.me/fng/
2025-02-19,44,Fear,1739923200,Alternative.me Fear and Greed Index,https://api.alternative.me/fng/
2025-02-20,49,Neutral,1740009600,Alternative.me Fear and Greed Index,https://api.alternative.me/fng/
2025-02-21,55,Greed,1740096000,Alternative.me Fear and Greed Index,https://api.alternative.me/fng/
2025-02-22,49,Neutral,1740182400,Alternative.me Fear and Greed Index,https://api.alternative.me/fng/
2025-02-23,50,Neutral,1740268800,Alternative.me Fear and Greed Index,https://api.alternative.me/fng/
2025-02-24,49,Neutral,1740355200,Alternative.me Fear and Greed Index,https://api.alternative.me/fng/
2025-02-25,25,Extreme Fear,1740441600,Alternative.me Fear and Greed Index,https://api.alternative.me/fng/
2025-02-26,21,Extreme Fear,1740528000,Alternative.me Fear and Greed Index,https://api.alternative.me/fng/
2025-02-27,10,Extreme Fear,1740614400,Alternative.me Fear and Greed Index,https://api.alternative.me/fng/
2025-02-28,16,Extreme Fear,1740700800,Alternative.me Fear and Greed Index,https://api.alternative.me/fng/
2025-03-01,20,Extreme Fear,1740787200,Alternative.me Fear and Greed Index,https://api.alternative.me/fng/
2025-03-02,26,Fear,1740873600,Alternative.me Fear and Greed Index,https://api.alternative.me/fng/
2025-03-03,33,Fear,1740960000,Alternative.me Fear and Greed Index,https://api.alternative.me/fng/
2025-03-04,15,Extreme Fear,1741046400,Alternative.me Fear and Greed Index,https://api.alternative.me/fng/
2025-03-05,20,Extreme Fear,1741132800,Alternative.me Fear and Greed Index,https://api.alternative.me/fng/
2025-03-06,25,Extreme Fear,1741219200,Alternative.me Fear and Greed Index,https://api.alternative.me/fng/
2025-03-07,34,Fear,1741305600,Alternative.me Fear and Greed Index,https://api.alternative.me/fng/
2025-03-08,28,Fear,1741392000,Alternative.me Fear and Greed Index,https://api.alternative.me/fng/
2025-03-09,27,Fear,1741478400,Alternative.me Fear and Greed Index,https://api.alternative.me/fng/
2025-03-10,20,Extreme Fear,1741564800,Alternative.me Fear and Greed Index,https://api.alternative.me/fng/
2025-03-11,24,Extreme Fear,1741651200,Alternative.me Fear and Greed Index,https://api.alternative.me/fng/
2025-03-12,34,Fear,1741737600,Alternative.me Fear and Greed Index,https://api.alternative.me/fng/
2025-03-13,45,Fear,1741824000,Alternative.me Fear and Greed Index,https://api.alternative.me/fng/
2025-03-14,27,Fear,1741910400,Alternative.me Fear and Greed Index,https://api.alternative.me/fng/
2025-03-15,46,Fear,1741996800,Alternative.me Fear and Greed Index,https://api.alternative.me/fng/
2025-03-16,30,Fear,1742083200,Alternative.me Fear and Greed Index,https://api.alternative.me/fng/
2025-03-17,32,Fear,1742169600,Alternative.me Fear and Greed Index,https://api.alternative.me/fng/
2025-03-18,34,Fear,1742256000,Alternative.me Fear and Greed Index,https://api.alternative.me/fng/
2025-03-19,32,Fear,1742342400,Alternative.me Fear and Greed Index,https://api.alternative.me/fng/
2025-03-20,49,Neutral,1742428800,Alternative.me Fear and Greed Index,https://api.alternative.me/fng/
2025-03-21,31,Fear,1742515200,Alternative.me Fear and Greed Index,https://api.alternative.me/fng/
2025-03-22,32,Fear,1742601600,Alternative.me Fear and Greed Index,https://api.alternative.me/fng/
2025-03-23,30,Fear,1742688000,Alternative.me Fear and Greed Index,https://api.alternative.me/fng/
2025-03-24,45,Fear,1742774400,Alternative.me Fear and Greed Index,https://api.alternative.me/fng/
2025-03-25,46,Fear,1742860800,Alternative.me Fear and Greed Index,https://api.alternative.me/fng/
2025-03-26,47,Neutral,1742947200,Alternative.me Fear and Greed Index,https://api.alternative.me/fng/
2025-03-27,40,Fear,1743033600,Alternative.me Fear and Greed Index,https://api.alternative.me/fng/
2025-03-28,44,Fear,1743120000,Alternative.me Fear and Greed Index,https://api.alternative.me/fng/
2025-03-29,26,Fear,1743206400,Alternative.me Fear and Greed Index,https://api.alternative.me/fng/
2025-03-30,32,Fear,1743292800,Alternative.me Fear and Greed Index,https://api.alternative.me/fng/
2025-03-31,34,Fear,1743379200,Alternative.me Fear and Greed Index,https://api.alternative.me/fng/
2025-04-01,34,Fear,1743465600,Alternative.me Fear and Greed Index,https://api.alternative.me/fng/
2025-04-02,44,Fear,1743552000,Alternative.me Fear and Greed Index,https://api.alternative.me/fng/
2025-04-03,25,Extreme Fear,1743638400,Alternative.me Fear and Greed Index,https://api.alternative.me/fng/
2025-04-04,28,Fear,1743724800,Alternative.me Fear and Greed Index,https://api.alternative.me/fng/
2025-04-05,30,Fear,1743811200,Alternative.me Fear and Greed Index,https://api.alternative.me/fng/
2025-04-06,34,Fear,1743897600,Alternative.me Fear and Greed Index,https://api.alternative.me/fng/
2025-04-07,23,Extreme Fear,1743984000,Alternative.me Fear and Greed Index,https://api.alternative.me/fng/
2025-04-08,24,Extreme Fear,1744070400,Alternative.me Fear and Greed Index,https://api.alternative.me/fng/
2025-04-09,18,Extreme Fear,1744156800,Alternative.me Fear and Greed Index,https://api.alternative.me/fng/
2025-04-10,39,Fear,1744243200,Alternative.me Fear and Greed Index,https://api.alternative.me/fng/
2025-04-11,25,Extreme Fear,1744329600,Alternative.me Fear and Greed Index,https://api.alternative.me/fng/
2025-04-12,43,Fear,1744416000,Alternative.me Fear and Greed Index,https://api.alternative.me/fng/
2025-04-13,45,Fear,1744502400,Alternative.me Fear and Greed Index,https://api.alternative.me/fng/
2025-04-14,31,Fear,1744588800,Alternative.me Fear and Greed Index,https://api.alternative.me/fng/
2025-04-15,38,Fear,1744675200,Alternative.me Fear and Greed Index,https://api.alternative.me/fng/
2025-04-16,29,Fear,1744761600,Alternative.me Fear and Greed Index,https://api.alternative.me/fng/
2025-04-17,30,Fear,1744848000,Alternative.me Fear and Greed Index,https://api.alternative.me/fng/
2025-04-18,33,Fear,1744934400,Alternative.me Fear and Greed Index,https://api.alternative.me/fng/
2025-04-19,32,Fear,1745020800,Alternative.me Fear and Greed Index,https://api.alternative.me/fng/
2025-04-20,37,Fear,1745107200,Alternative.me Fear and Greed Index,https://api.alternative.me/fng/
2025-04-21,39,Fear,1745193600,Alternative.me Fear and Greed Index,https://api.alternative.me/fng/
2025-04-22,47,Neutral,1745280000,Alternative.me Fear and Greed Index,https://api.alternative.me/fng/
2025-04-23,72,Greed,1745366400,Alternative.me Fear and Greed Index,https://api.alternative.me/fng/
2025-04-24,63,Greed,1745452800,Alternative.me Fear and Greed Index,https://api.alternative.me/fng/
2025-04-25,60,Greed,1745539200,Alternative.me Fear and Greed Index,https://api.alternative.me/fng/
2025-04-26,65,Greed,1745625600,Alternative.me Fear and Greed Index,https://api.alternative.me/fng/
2025-04-27,61,Greed,1745712000,Alternative.me Fear and Greed Index,https://api.alternative.me/fng/
2025-04-28,54,Neutral,1745798400,Alternative.me Fear and Greed Index,https://api.alternative.me/fng/
2025-04-29,60,Greed,1745884800,Alternative.me Fear and Greed Index,https://api.alternative.me/fng/
2025-04-30,56,Greed,1745971200,Alternative.me Fear and Greed Index,https://api.alternative.me/fng/
2025-05-01,53,Neutral,1746057600,Alternative.me Fear and Greed Index,https://api.alternative.me/fng/
2025-05-02,67,Greed,1746144000,Alternative.me Fear and Greed Index,https://api.alternative.me/fng/
2025-05-03,65,Greed,1746230400,Alternative.me Fear and Greed Index,https://api.alternative.me/fng/
2025-05-04,64,Greed,1746316800,Alternative.me Fear and Greed Index,https://api.alternative.me/fng/
2025-05-05,52,Neutral,1746403200,Alternative.me Fear and Greed Index,https://api.alternative.me/fng/
2025-05-06,59,Greed,1746489600,Alternative.me Fear and Greed Index,https://api.alternative.me/fng/
2025-05-07,67,Greed,1746576000,Alternative.me Fear and Greed Index,https://api.alternative.me/fng/
2025-05-08,65,Greed,1746662400,Alternative.me Fear and Greed Index,https://api.alternative.me/fng/
2025-05-09,73,Greed,1746748800,Alternative.me Fear and Greed Index,https://api.alternative.me/fng/
2025-05-10,70,Greed,1746835200,Alternative.me Fear and Greed Index,https://api.alternative.me/fng/
2025-05-11,70,Greed,1746921600,Alternative.me Fear and Greed Index,https://api.alternative.me/fng/
2025-05-12,70,Greed,1747008000,Alternative.me Fear and Greed Index,https://api.alternative.me/fng/
2025-05-13,70,Greed,1747094400,Alternative.me Fear and Greed Index,https://api.alternative.me/fng/
2025-05-14,73,Greed,1747180800,Alternative.me Fear and Greed Index,https://api.alternative.me/fng/
2025-05-15,70,Greed,1747267200,Alternative.me Fear and Greed Index,https://api.alternative.me/fng/
2025-05-16,71,Greed,1747353600,Alternative.me Fear and Greed Index,https://api.alternative.me/fng/
2025-05-17,74,Greed,1747440000,Alternative.me Fear and Greed Index,https://api.alternative.me/fng/
2025-05-18,74,Greed,1747526400,Alternative.me Fear and Greed Index,https://api.alternative.me/fng/
2025-05-19,74,Greed,1747612800,Alternative.me Fear and Greed Index,https://api.alternative.me/fng/
2025-05-20,71,Greed,1747699200,Alternative.me Fear and Greed Index,https://api.alternative.me/fng/
2025-05-21,70,Greed,1747785600,Alternative.me Fear and Greed Index,https://api.alternative.me/fng/
2025-05-22,72,Greed,1747872000,Alternative.me Fear and Greed Index,https://api.alternative.me/fng/
2025-05-23,78,Extreme Greed,1747958400,Alternative.me Fear and Greed Index,https://api.alternative.me/fng/
2025-05-24,66,Greed,1748044800,Alternative.me Fear and Greed Index,https://api.alternative.me/fng/
2025-05-25,74,Greed,1748131200,Alternative.me Fear and Greed Index,https://api.alternative.me/fng/
2025-05-26,73,Greed,1748217600,Alternative.me Fear and Greed Index,https://api.alternative.me/fng/
2025-05-27,74,Greed,1748304000,Alternative.me Fear and Greed Index,https://api.alternative.me/fng/
2025-05-28,71,Greed,1748390400,Alternative.me Fear and Greed Index,https://api.alternative.me/fng/
2025-05-29,74,Greed,1748476800,Alternative.me Fear and Greed Index,https://api.alternative.me/fng/
2025-05-30,60,Greed,1748563200,Alternative.me Fear and Greed Index,https://api.alternative.me/fng/
2025-05-31,50,Neutral,1748649600,Alternative.me Fear and Greed Index,https://api.alternative.me/fng/
2025-06-01,56,Greed,1748736000,Alternative.me Fear and Greed Index,https://api.alternative.me/fng/
2025-06-02,64,Greed,1748822400,Alternative.me Fear and Greed Index,https://api.alternative.me/fng/
2025-06-03,64,Greed,1748908800,Alternative.me Fear and Greed Index,https://api.alternative.me/fng/
2025-06-04,62,Greed,1748995200,Alternative.me Fear and Greed Index,https://api.alternative.me/fng/
2025-06-05,57,Greed,1749081600,Alternative.me Fear and Greed Index,https://api.alternative.me/fng/
2025-06-06,45,Fear,1749168000,Alternative.me Fear and Greed Index,https://api.alternative.me/fng/
2025-06-07,52,Neutral,1749254400,Alternative.me Fear and Greed Index,https://api.alternative.me/fng/
2025-06-08,62,Greed,1749340800,Alternative.me Fear and Greed Index,https://api.alternative.me/fng/
2025-06-09,62,Greed,1749427200,Alternative.me Fear and Greed Index,https://api.alternative.me/fng/
2025-06-10,71,Greed,1749513600,Alternative.me Fear and Greed Index,https://api.alternative.me/fng/
2025-06-11,72,Greed,1749600000,Alternative.me Fear and Greed Index,https://api.alternative.me/fng/
2025-06-12,71,Greed,1749686400,Alternative.me Fear and Greed Index,https://api.alternative.me/fng/
2025-06-13,61,Greed,1749772800,Alternative.me Fear and Greed Index,https://api.alternative.me/fng/
2025-06-14,63,Greed,1749859200,Alternative.me Fear and Greed Index,https://api.alternative.me/fng/
2025-06-15,60,Greed,1749945600,Alternative.me Fear and Greed Index,https://api.alternative.me/fng/
2025-06-16,61,Greed,1750032000,Alternative.me Fear and Greed Index,https://api.alternative.me/fng/
2025-06-17,68,Greed,1750118400,Alternative.me Fear and Greed Index,https://api.alternative.me/fng/
2025-06-18,52,Neutral,1750204800,Alternative.me Fear and Greed Index,https://api.alternative.me/fng/
2025-06-19,57,Greed,1750291200,Alternative.me Fear and Greed Index,https://api.alternative.me/fng/
2025-06-20,54,Neutral,1750377600,Alternative.me Fear and Greed Index,https://api.alternative.me/fng/
2025-06-21,49,Neutral,1750464000,Alternative.me Fear and Greed Index,https://api.alternative.me/fng/
2025-06-22,42,Fear,1750550400,Alternative.me Fear and Greed Index,https://api.alternative.me/fng/
2025-06-23,47,Neutral,1750636800,Alternative.me Fear and Greed Index,https://api.alternative.me/fng/
2025-06-24,65,Greed,1750723200,Alternative.me Fear and Greed Index,https://api.alternative.me/fng/
2025-06-25,66,Greed,1750809600,Alternative.me Fear and Greed Index,https://api.alternative.me/fng/
2025-06-26,74,Greed,1750896000,Alternative.me Fear and Greed Index,https://api.alternative.me/fng/
2025-06-27,65,Greed,1750982400,Alternative.me Fear and Greed Index,https://api.alternative.me/fng/
2025-06-28,65,Greed,1751068800,Alternative.me Fear and Greed Index,https://api.alternative.me/fng/
2025-06-29,68,Greed,1751155200,Alternative.me Fear and Greed Index,https://api.alternative.me/fng/
2025-06-30,66,Greed,1751241600,Alternative.me Fear and Greed Index,https://api.alternative.me/fng/
2025-07-01,64,Greed,1751328000,Alternative.me Fear and Greed Index,https://api.alternative.me/fng/
2025-07-02,63,Greed,1751414400,Alternative.me Fear and Greed Index,https://api.alternative.me/fng/
2025-07-03,73,Greed,1751500800,Alternative.me Fear and Greed Index,https://api.alternative.me/fng/
2025-07-04,73,Greed,1751587200,Alternative.me Fear and Greed Index,https://api.alternative.me/fng/
2025-07-05,67,Greed,1751673600,Alternative.me Fear and Greed Index,https://api.alternative.me/fng/
2025-07-06,66,Greed,1751760000,Alternative.me Fear and Greed Index,https://api.alternative.me/fng/
2025-07-07,73,Greed,1751846400,Alternative.me Fear and Greed Index,https://api.alternative.me/fng/
2025-07-08,65,Greed,1751932800,Alternative.me Fear and Greed Index,https://api.alternative.me/fng/
2025-07-09,66,Greed,1752019200,Alternative.me Fear and Greed Index,https://api.alternative.me/fng/
2025-07-10,71,Greed,1752105600,Alternative.me Fear and Greed Index,https://api.alternative.me/fng/
2025-07-11,71,Greed,1752192000,Alternative.me Fear and Greed Index,https://api.alternative.me/fng/
2025-07-12,79,Extreme Greed,1752278400,Alternative.me Fear and Greed Index,https://api.alternative.me/fng/
2025-07-13,74,Greed,1752364800,Alternative.me Fear and Greed Index,https://api.alternative.me/fng/
2025-07-14,74,Greed,1752451200,Alternative.me Fear and Greed Index,https://api.alternative.me/fng/
2025-07-15,73,Greed,1752537600,Alternative.me Fear and Greed Index,https://api.alternative.me/fng/
2025-07-16,70,Greed,1752624000,Alternative.me Fear and Greed Index,https://api.alternative.me/fng/
2025-07-17,74,Greed,1752710400,Alternative.me Fear and Greed Index,https://api.alternative.me/fng/
2025-07-18,73,Greed,1752796800,Alternative.me Fear and Greed Index,https://api.alternative.me/fng/
2025-07-19,74,Greed,1752883200,Alternative.me Fear and Greed Index,https://api.alternative.me/fng/
2025-07-20,72,Greed,1752969600,Alternative.me Fear and Greed Index,https://api.alternative.me/fng/
2025-07-21,71,Greed,1753056000,Alternative.me Fear and Greed Index,https://api.alternative.me/fng/
2025-07-22,72,Greed,1753142400,Alternative.me Fear and Greed Index,https://api.alternative.me/fng/
2025-07-23,74,Greed,1753228800,Alternative.me Fear and Greed Index,https://api.alternative.me/fng/
2025-07-24,71,Greed,1753315200,Alternative.me Fear and Greed Index,https://api.alternative.me/fng/
2025-07-25,70,Greed,1753401600,Alternative.me Fear and Greed Index,https://api.alternative.me/fng/
2025-07-26,72,Greed,1753488000,Alternative.me Fear and Greed Index,https://api.alternative.me/fng/
2025-07-27,73,Greed,1753574400,Alternative.me Fear and Greed Index,https://api.alternative.me/fng/
2025-07-28,75,Greed,1753660800,Alternative.me Fear and Greed Index,https://api.alternative.me/fng/
2025-07-29,73,Greed,1753747200,Alternative.me Fear and Greed Index,https://api.alternative.me/fng/
2025-07-30,74,Greed,1753833600,Alternative.me Fear and Greed Index,https://api.alternative.me/fng/
2025-07-31,72,Greed,1753920000,Alternative.me Fear and Greed Index,https://api.alternative.me/fng/
2025-08-01,65,Greed,1754006400,Alternative.me Fear and Greed Index,https://api.alternative.me/fng/
2025-08-02,55,Greed,1754092800,Alternative.me Fear and Greed Index,https://api.alternative.me/fng/
2025-08-03,53,Neutral,1754179200,Alternative.me Fear and Greed Index,https://api.alternative.me/fng/
2025-08-04,64,Greed,1754265600,Alternative.me Fear and Greed Index,https://api.alternative.me/fng/
2025-08-05,60,Greed,1754352000,Alternative.me Fear and Greed Index,https://api.alternative.me/fng/
2025-08-06,54,Neutral,1754438400,Alternative.me Fear and Greed Index,https://api.alternative.me/fng/
2025-08-07,62,Greed,1754524800,Alternative.me Fear and Greed Index,https://api.alternative.me/fng/
2025-08-08,74,Greed,1754611200,Alternative.me Fear and Greed Index,https://api.alternative.me/fng/
2025-08-09,67,Greed,1754697600,Alternative.me Fear and Greed Index,https://api.alternative.me/fng/
2025-08-10,69,Greed,1754784000,Alternative.me Fear and Greed Index,https://api.alternative.me/fng/
2025-08-11,70,Greed,1754870400,Alternative.me Fear and Greed Index,https://api.alternative.me/fng/
2025-08-12,68,Greed,1754956800,Alternative.me Fear and Greed Index,https://api.alternative.me/fng/
2025-08-13,73,Greed,1755043200,Alternative.me Fear and Greed Index,https://api.alternative.me/fng/
2025-08-14,75,Greed,1755129600,Alternative.me Fear and Greed Index,https://api.alternative.me/fng/
2025-08-15,60,Greed,1755216000,Alternative.me Fear and Greed Index,https://api.alternative.me/fng/
2025-08-16,56,Greed,1755302400,Alternative.me Fear and Greed Index,https://api.alternative.me/fng/
2025-08-17,64,Greed,1755388800,Alternative.me Fear and Greed Index,https://api.alternative.me/fng/
2025-08-18,60,Greed,1755475200,Alternative.me Fear and Greed Index,https://api.alternative.me/fng/
2025-08-19,56,Greed,1755561600,Alternative.me Fear and Greed Index,https://api.alternative.me/fng/
2025-08-20,44,Fear,1755648000,Alternative.me Fear and Greed Index,https://api.alternative.me/fng/
2025-08-21,50,Neutral,1755734400,Alternative.me Fear and Greed Index,https://api.alternative.me/fng/
2025-08-22,50,Neutral,1755820800,Alternative.me Fear and Greed Index,https://api.alternative.me/fng/
2025-08-23,60,Greed,1755907200,Alternative.me Fear and Greed Index,https://api.alternative.me/fng/
2025-08-24,53,Neutral,1755993600,Alternative.me Fear and Greed Index,https://api.alternative.me/fng/
2025-08-25,47,Neutral,1756080000,Alternative.me Fear and Greed Index,https://api.alternative.me/fng/
2025-08-26,48,Neutral,1756166400,Alternative.me Fear and Greed Index,https://api.alternative.me/fng/
2025-08-27,51,Neutral,1756252800,Alternative.me Fear and Greed Index,https://api.alternative.me/fng/
2025-08-28,48,Neutral,1756339200,Alternative.me Fear and Greed Index,https://api.alternative.me/fng/
2025-08-29,50,Neutral,1756425600,Alternative.me Fear and Greed Index,https://api.alternative.me/fng/
2025-08-30,39,Fear,1756512000,Alternative.me Fear and Greed Index,https://api.alternative.me/fng/
2025-08-31,48,Neutral,1756598400,Alternative.me Fear and Greed Index,https://api.alternative.me/fng/
2025-09-01,46,Fear,1756684800,Alternative.me Fear and Greed Index,https://api.alternative.me/fng/
2025-09-02,49,Neutral,1756771200,Alternative.me Fear and Greed Index,https://api.alternative.me/fng/
2025-09-03,55,Greed,1756857600,Alternative.me Fear and Greed Index,https://api.alternative.me/fng/
2025-09-04,51,Neutral,1756944000,Alternative.me Fear and Greed Index,https://api.alternative.me/fng/
2025-09-05,48,Neutral,1757030400,Alternative.me Fear and Greed Index,https://api.alternative.me/fng/
2025-09-06,48,Neutral,1757116800,Alternative.me Fear and Greed Index,https://api.alternative.me/fng/
2025-09-07,44,Fear,1757203200,Alternative.me Fear and Greed Index,https://api.alternative.me/fng/
2025-09-08,51,Neutral,1757289600,Alternative.me Fear and Greed Index,https://api.alternative.me/fng/
2025-09-09,48,Neutral,1757376000,Alternative.me Fear and Greed Index,https://api.alternative.me/fng/
2025-09-10,49,Neutral,1757462400,Alternative.me Fear and Greed Index,https://api.alternative.me/fng/
2025-09-11,54,Neutral,1757548800,Alternative.me Fear and Greed Index,https://api.alternative.me/fng/
2025-09-12,57,Greed,1757635200,Alternative.me Fear and Greed Index,https://api.alternative.me/fng/
2025-09-13,52,Neutral,1757721600,Alternative.me Fear and Greed Index,https://api.alternative.me/fng/
2025-09-14,55,Greed,1757808000,Alternative.me Fear and Greed Index,https://api.alternative.me/fng/
2025-09-15,53,Neutral,1757894400,Alternative.me Fear and Greed Index,https://api.alternative.me/fng/
2025-09-16,52,Neutral,1757980800,Alternative.me Fear and Greed Index,https://api.alternative.me/fng/
2025-09-17,53,Neutral,1758067200,Alternative.me Fear and Greed Index,https://api.alternative.me/fng/
2025-09-18,52,Neutral,1758153600,Alternative.me Fear and Greed Index,https://api.alternative.me/fng/
2025-09-19,53,Neutral,1758240000,Alternative.me Fear and Greed Index,https://api.alternative.me/fng/
2025-09-20,48,Neutral,1758326400,Alternative.me Fear and Greed Index,https://api.alternative.me/fng/
2025-09-21,49,Neutral,1758412800,Alternative.me Fear and Greed Index,https://api.alternative.me/fng/
2025-09-22,45,Fear,1758499200,Alternative.me Fear and Greed Index,https://api.alternative.me/fng/
2025-09-23,43,Fear,1758585600,Alternative.me Fear and Greed Index,https://api.alternative.me/fng/
2025-09-24,44,Fear,1758672000,Alternative.me Fear and Greed Index,https://api.alternative.me/fng/
2025-09-25,44,Fear,1758758400,Alternative.me Fear and Greed Index,https://api.alternative.me/fng/
2025-09-26,28,Fear,1758844800,Alternative.me Fear and Greed Index,https://api.alternative.me/fng/
2025-09-27,33,Fear,1758931200,Alternative.me Fear and Greed Index,https://api.alternative.me/fng/
2025-09-28,37,Fear,1759017600,Alternative.me Fear and Greed Index,https://api.alternative.me/fng/
2025-09-29,50,Neutral,1759104000,Alternative.me Fear and Greed Index,https://api.alternative.me/fng/
2025-09-30,50,Neutral,1759190400,Alternative.me Fear and Greed Index,https://api.alternative.me/fng/
2025-10-01,49,Neutral,1759276800,Alternative.me Fear and Greed Index,https://api.alternative.me/fng/
2025-10-02,64,Greed,1759363200,Alternative.me Fear and Greed Index,https://api.alternative.me/fng/
2025-10-03,63,Greed,1759449600,Alternative.me Fear and Greed Index,https://api.alternative.me/fng/
2025-10-04,71,Greed,1759536000,Alternative.me Fear and Greed Index,https://api.alternative.me/fng/
2025-10-05,74,Greed,1759622400,Alternative.me Fear and Greed Index,https://api.alternative.me/fng/
2025-10-06,71,Greed,1759708800,Alternative.me Fear and Greed Index,https://api.alternative.me/fng/
2025-10-07,70,Greed,1759795200,Alternative.me Fear and Greed Index,https://api.alternative.me/fng/
2025-10-08,60,Greed,1759881600,Alternative.me Fear and Greed Index,https://api.alternative.me/fng/
2025-10-09,70,Greed,1759968000,Alternative.me Fear and Greed Index,https://api.alternative.me/fng/
2025-10-10,64,Greed,1760054400,Alternative.me Fear and Greed Index,https://api.alternative.me/fng/
2025-10-11,27,Fear,1760140800,Alternative.me Fear and Greed Index,https://api.alternative.me/fng/
2025-10-12,24,Extreme Fear,1760227200,Alternative.me Fear and Greed Index,https://api.alternative.me/fng/
2025-10-13,38,Fear,1760313600,Alternative.me Fear and Greed Index,https://api.alternative.me/fng/
2025-10-14,38,Fear,1760400000,Alternative.me Fear and Greed Index,https://api.alternative.me/fng/
2025-10-15,34,Fear,1760486400,Alternative.me Fear and Greed Index,https://api.alternative.me/fng/
2025-10-16,28,Fear,1760572800,Alternative.me Fear and Greed Index,https://api.alternative.me/fng/
2025-10-17,22,Extreme Fear,1760659200,Alternative.me Fear and Greed Index,https://api.alternative.me/fng/
2025-10-18,23,Extreme Fear,1760745600,Alternative.me Fear and Greed Index,https://api.alternative.me/fng/
2025-10-19,29,Fear,1760832000,Alternative.me Fear and Greed Index,https://api.alternative.me/fng/
2025-10-20,29,Fear,1760918400,Alternative.me Fear and Greed Index,https://api.alternative.me/fng/
2025-10-21,34,Fear,1761004800,Alternative.me Fear and Greed Index,https://api.alternative.me/fng/
2025-10-22,25,Extreme Fear,1761091200,Alternative.me Fear and Greed Index,https://api.alternative.me/fng/
2025-10-23,27,Fear,1761177600,Alternative.me Fear and Greed Index,https://api.alternative.me/fng/
2025-10-24,30,Fear,1761264000,Alternative.me Fear and Greed Index,https://api.alternative.me/fng/
2025-10-25,37,Fear,1761350400,Alternative.me Fear and Greed Index,https://api.alternative.me/fng/
2025-10-26,40,Fear,1761436800,Alternative.me Fear and Greed Index,https://api.alternative.me/fng/
2025-10-27,51,Neutral,1761523200,Alternative.me Fear and Greed Index,https://api.alternative.me/fng/
2025-10-28,50,Neutral,1761609600,Alternative.me Fear and Greed Index,https://api.alternative.me/fng/
2025-10-29,51,Neutral,1761696000,Alternative.me Fear and Greed Index,https://api.alternative.me/fng/
2025-10-30,34,Fear,1761782400,Alternative.me Fear and Greed Index,https://api.alternative.me/fng/
2025-10-31,29,Fear,1761868800,Alternative.me Fear and Greed Index,https://api.alternative.me/fng/
